x,y,z,reading,B
0,0,-20,473.74,0.047374
-12,0,-16,476.5,0.04765
-8,-8,-16,476.75,0.047675
-8,-4,-16,476.49,0.047649
-8,0,-16,476.35,0.047635
-8,4,-16,476.3,0.04763
-8,8,-16,476.35,0.047635
-4,-8,-16,476.41,0.047641
-4,-4,-16,476.08,0.047608
-4,0,-16,476,0.0476
-4,4,-16,475.95,0.047595
-4,8,-16,476.07,0.047607
0,-12,-16,476.43,0.047643
0,-8,-16,476.03,0.047603
0,-4,-16,475.7,0.04757
0,0,-16,475.55,0.047555
0,4,-16,475.51,0.047551
0,8,-16,475.59,0.047559
0,12,-16,475.85,0.047585
4,-8,-16,475.62,0.047562
4,-4,-16,475.23,0.047523
4,0,-16,475.02,0.047502
4,4,-16,475.11,0.047511
4,8,-16,475.26,0.047526
8,-8,-16,475.21,0.047521
8,-4,-16,474.77,0.047477
8,0,-16,474.6,0.04746
8,4,-16,474.74,0.047474
8,8,-16,474.96,0.047496
12,0,-16,474.08,0.047408
-16,0,-12,477.3,0.04773
-12,-8,-12,478.03,0.047803
-12,-4,-12,477.57,0.047757
-12,0,-12,477.35,0.047735
-12,4,-12,477.28,0.047728
-12,8,-12,477.3,0.04773
-8,-12,-12,478.2,0.04782
-8,-8,-12,477.76,0.047776
-8,-4,-12,477.33,0.047733
-8,0,-12,477.16,0.047716
-8,4,-12,477.07,0.047707
-8,8,-12,477.11,0.047711
-8,12,-12,477.16,0.047716
-4,-12,-12,478.11,0.047811
-4,-8,-12,477.56,0.047756
-4,-4,-12,477.28,0.047728
-4,0,-12,477.04,0.047704
-4,4,-12,476.87,0.047687
-4,8,-12,476.88,0.047688
-4,12,-12,476.96,0.047696
0,-16,-12,478.6,0.04786
0,-12,-12,478.03,0.047803
0,-8,-12,477.5,0.04775
0,-4,-12,477.11,0.047711
0,0,-12,476.84,0.047684
0,4,-12,476.8,0.04768
0,8,-12,476.84,0.047684
0,12,-12,476.84,0.047684
0,16,-12,476.89,0.047689
4,-12,-12,478.01,0.047801
4,-8,-12,477.43,0.047743
4,-4,-12,477.02,0.047702
4,0,-12,476.67,0.047667
4,4,-12,476.61,0.047661
4,8,-12,476.63,0.047663
4,12,-12,476.77,0.047677
8,-12,-12,478.25,0.047825
8,-8,-12,477.45,0.047745
8,-4,-12,476.88,0.047688
8,0,-12,476.6,0.04766
8,4,-12,476.43,0.047643
8,8,-12,476.5,0.04765
8,12,-12,476.65,0.047665
12,-8,-12,477.75,0.047775
12,-4,-12,477.06,0.047706
12,0,-12,476.7,0.04767
12,4,-12,476.48,0.047648
12,8,-12,476.5,0.04765
16,0,-12,476.7,0.04767
-18,-2,-8,477.94,0.047794
-18,2,-8,477.72,0.047772
-14,-10,-8,478.99,0.047899
-14,-6,-8,478.41,0.047841
-14,-2,-8,477.97,0.047797
-14,2,-8,477.6,0.04776
-14,6,-8,477.6,0.04776
-14,10,-8,477.69,0.047769
-10,-14,-8,479.42,0.047942
-10,-10,-8,478.84,0.047884
-10,-6,-8,478.38,0.047838
-10,-2,-8,478.02,0.047802
-10,2,-8,477.76,0.047776
-10,6,-8,477.68,0.047768
-10,10,-8,477.63,0.047763
-10,14,-8,477.77,0.047777
-6,-14,-8,479.29,0.047929
-6,-10,-8,478.78,0.047878
-6,-6,-8,478.35,0.047835
-6,-2,-8,477.99,0.047799
-6,2,-8,477.77,0.047777
-6,6,-8,477.53,0.047753
-6,10,-8,477.44,0.047744
-6,14,-8,477.62,0.047762
-2,-18,-8,479.89,0.047989
-2,-14,-8,479.29,0.047929
-2,-10,-8,478.91,0.047891
-2,-6,-8,478.42,0.047842
-2,-2,-8,478.16,0.047816
-2,2,-8,477.92,0.047792
-2,6,-8,477.73,0.047773
-2,10,-8,477.66,0.047766
-2,14,-8,477.67,0.047767
-2,18,-8,477.67,0.047767
2,-18,-8,479.94,0.047994
2,-14,-8,479.65,0.047965
2,-10,-8,479.08,0.047908
2,-6,-8,478.59,0.047859
2,-2,-8,478.3,0.04783
2,2,-8,477.98,0.047798
2,6,-8,477.75,0.047775
2,10,-8,477.75,0.047775
2,14,-8,477.73,0.047773
2,18,-8,477.84,0.047784
6,-14,-8,480.35,0.048035
6,-10,-8,479.62,0.047962
6,-6,-8,479.02,0.047902
6,-2,-8,478.47,0.047847
6,2,-8,478.08,0.047808
6,6,-8,477.95,0.047795
6,10,-8,477.77,0.047777
6,14,-8,477.9,0.04779
10,-14,-8,481.26,0.048126
10,-10,-8,480.24,0.048024
10,-6,-8,479.41,0.047941
10,-2,-8,478.88,0.047888
10,2,-8,478.38,0.047838
10,6,-8,478.2,0.04782
10,10,-8,478.16,0.047816
10,14,-8,478.13,0.047813
14,-10,-8,481.29,0.048129
14,-6,-8,480.21,0.048021
14,-2,-8,479.36,0.047936
14,2,-8,478.91,0.047891
14,6,-8,478.59,0.047859
14,10,-8,478.46,0.047846
18,-2,-8,480.5,0.04805
18,2,-8,479.69,0.047969
-19,-3,-4,477.75,0.047775
-19,1,-4,477.73,0.047773
-15,-11,-4,479.67,0.047967
-15,-7,-4,478.99,0.047899
-15,-3,-4,478.4,0.04784
-15,1,-4,478.07,0.047807
-15,5,-4,477.8,0.04778
-15,9,-4,477.72,0.047772
-11,-15,-4,480.21,0.048021
-11,-11,-4,479.56,0.047956
-11,-7,-4,479.07,0.047907
-11,-3,-4,478.52,0.047852
-11,1,-4,478.27,0.047827
-11,5,-4,478.15,0.047815
-11,9,-4,478.01,0.047801
-11,13,-4,478.03,0.047803
-7,-15,-4,480.19,0.048019
-7,-11,-4,479.62,0.047962
-7,-7,-4,479.09,0.047909
-7,-3,-4,478.71,0.047871
-7,1,-4,478.53,0.047853
-7,5,-4,478.21,0.047821
-7,9,-4,478.22,0.047822
-7,13,-4,478.18,0.047818
-7,17,-4,478.21,0.047821
-3,-19,-4,480.45,0.048045
-3,-15,-4,480.3,0.04803
-3,-11,-4,479.8,0.04798
-3,-7,-4,479.42,0.047942
-3,-3,-4,478.98,0.047898
-3,1,-4,478.68,0.047868
-3,5,-4,478.44,0.047844
-3,9,-4,478.28,0.047828
-3,13,-4,478.25,0.047825
-3,17,-4,478.35,0.047835
1,-19,-4,480.9,0.04809
1,-15,-4,480.79,0.048079
1,-11,-4,480.13,0.048013
1,-7,-4,479.67,0.047967
1,-3,-4,479.21,0.047921
1,1,-4,478.95,0.047895
1,5,-4,478.68,0.047868
1,9,-4,478.55,0.047855
1,13,-4,478.45,0.047845
1,17,-4,478.46,0.047846
5,-15,-4,481.37,0.048137
5,-11,-4,480.72,0.048072
5,-7,-4,480.09,0.048009
5,-3,-4,479.55,0.047955
5,1,-4,479.27,0.047927
5,5,-4,478.82,0.047882
5,9,-4,478.71,0.047871
5,13,-4,478.71,0.047871
5,17,-4,478.69,0.047869
9,-15,-4,482.56,0.048256
9,-11,-4,481.67,0.048167
9,-7,-4,480.82,0.048082
9,-3,-4,480.24,0.048024
9,1,-4,479.66,0.047966
9,5,-4,479.28,0.047928
9,9,-4,479.06,0.047906
9,13,-4,479.06,0.047906
9,17,-4,478.96,0.047896
13,-11,-4,483.04,0.048304
13,-7,-4,482.05,0.048205
13,-3,-4,481.09,0.048109
13,1,-4,480.46,0.048046
13,5,-4,479.96,0.047996
13,9,-4,479.71,0.047971
13,13,-4,479.5,0.04795
17,-7,-4,483.51,0.048351
17,-3,-4,482.39,0.048239
17,1,-4,481.52,0.048152
17,5,-4,480.88,0.048088
17,9,-4,480.42,0.048042
-20,0,0,477.35,0.047735
-16,-12,0,479.77,0.047977
-16,-8,0,479.18,0.047918
-16,-4,0,478.57,0.047857
-16,0,0,478.15,0.047815
-16,4,0,477.83,0.047783
-16,8,0,477.67,0.047767
-16,12,0,477.71,0.047771
-12,-16,0,480.59,0.048059
-12,-12,0,479.87,0.047987
-12,-8,0,479.39,0.047939
-12,-4,0,478.85,0.047885
-12,0,0,478.53,0.047853
-12,4,0,478.31,0.047831
-12,8,0,478.16,0.047816
-12,12,0,478.1,0.04781
-12,16,0,478.08,0.047808
-8,-16,0,480.57,0.048057
-8,-12,0,480.1,0.04801
-8,-8,0,479.63,0.047963
-8,-4,0,479.27,0.047927
-8,0,0,478.88,0.047888
-8,4,0,478.72,0.047872
-8,8,0,478.52,0.047852
-8,12,0,478.48,0.047848
-8,16,0,478.41,0.047841
-4,-16,0,480.93,0.048093
-4,-12,0,480.46,0.048046
-4,-8,0,480.1,0.04801
-4,-4,0,479.62,0.047962
-4,0,0,479.39,0.047939
-4,4,0,479.16,0.047916
-4,8,0,478.97,0.047897
-4,12,0,478.86,0.047886
-4,16,0,478.76,0.047876
0,-20,0,481.7,0.04817
0,-16,0,481.52,0.048152
0,-12,0,481.04,0.048104
0,-8,0,480.59,0.048059
0,-4,0,480.18,0.048018
0,0,0,479.77,0.047977
0,4,0,479.6,0.04796
0,8,0,479.31,0.047931
0,12,0,479.27,0.047927
0,16,0,479.17,0.047917
0,20,0,479.16,0.047916
4,-16,0,482.23,0.048223
4,-12,0,481.99,0.048199
4,-8,0,481.57,0.048157
4,-4,0,481.09,0.048109
4,0,0,480.72,0.048072
4,4,0,480.24,0.048024
4,8,0,479.98,0.047998
4,12,0,479.84,0.047984
4,16,0,479.74,0.047974
8,-16,0,484.27,0.048427
8,-12,0,483.55,0.048355
8,-8,0,482.85,0.048285
8,-4,0,482.18,0.048218
8,0,0,481.66,0.048166
8,4,0,481.18,0.048118
8,8,0,480.68,0.048068
8,12,0,480.39,0.048039
8,16,0,480.27,0.048027
12,-16,0,486.25,0.048625
12,-12,0,485.27,0.048527
12,-8,0,484.25,0.048425
12,-4,0,483.31,0.048331
12,0,0,482.63,0.048263
12,4,0,481.98,0.048198
12,8,0,481.41,0.048141
12,12,0,481.13,0.048113
12,16,0,480.85,0.048085
16,-12,0,487.49,0.048749
16,-8,0,486.21,0.048621
16,-4,0,485.03,0.048503
16,0,0,484.02,0.048402
16,4,0,483.07,0.048307
16,8,0,482.38,0.048238
16,12,0,481.91,0.048191
20,0,0,485.71,0.048571
-19,-3,4,478.72,0.047872
-19,1,4,479.2,0.04792
-15,-11,4,480.94,0.048094
-15,-7,4,480.51,0.048051
-15,-3,4,480.07,0.048007
-15,1,4,479.74,0.047974
-15,5,4,479.41,0.047941
-15,9,4,479.22,0.047922
-11,-15,4,481.61,0.048161
-11,-11,4,481.31,0.048131
-11,-7,4,480.85,0.048085
-11,-3,4,480.5,0.04805
-11,1,4,480.14,0.048014
-11,5,4,479.87,0.047987
-11,9,4,479.67,0.047967
-11,13,4,479.51,0.047951
-7,-15,4,481.92,0.048192
-7,-11,4,481.62,0.048162
-7,-7,4,481.16,0.048116
-7,-3,4,480.83,0.048083
-7,1,4,480.51,0.048051
-7,5,4,480.28,0.048028
-7,9,4,480.12,0.048012
-7,13,4,479.89,0.047989
-7,17,4,479.79,0.047979
-3,-19,4,482.43,0.048243
-3,-15,4,482.34,0.048234
-3,-11,4,481.95,0.048195
-3,-7,4,481.69,0.048169
-3,-3,4,481.27,0.048127
-3,1,4,480.95,0.048095
-3,5,4,480.7,0.04807
-3,9,4,480.39,0.048039
-3,13,4,480.13,0.048013
-3,17,4,480.09,0.048009
1,-19,4,483.19,0.048319
1,-15,4,483.11,0.048311
1,-11,4,482.65,0.048265
1,-7,4,482.33,0.048233
1,-3,4,481.85,0.048185
1,1,4,481.47,0.048147
1,5,4,481.17,0.048117
1,9,4,480.85,0.048085
1,13,4,480.5,0.04805
1,17,4,480.4,0.04804
5,-15,4,484.2,0.04842
5,-11,4,483.77,0.048377
5,-7,4,483.27,0.048327
5,-3,4,482.7,0.04827
5,1,4,482.2,0.04822
5,5,4,481.7,0.04817
5,9,4,481.47,0.048147
5,13,4,481.2,0.04812
5,17,4,480.94,0.048094
9,-15,4,485.83,0.048583
9,-11,4,485.11,0.048511
9,-7,4,484.49,0.048449
9,-3,4,483.72,0.048372
9,1,4,483.11,0.048311
9,5,4,482.54,0.048254
9,9,4,482.06,0.048206
9,13,4,481.81,0.048181
9,17,4,481.45,0.048145
13,-11,4,486.79,0.048679
13,-7,4,485.87,0.048587
13,-3,4,484.95,0.048495
13,1,4,484.17,0.048417
13,5,4,483.42,0.048342
13,9,4,482.85,0.048285
13,13,4,482.46,0.048246
17,-7,4,487.92,0.048792
17,-3,4,486.62,0.048662
17,1,4,485.59,0.048559
17,5,4,484.63,0.048463
17,9,4,483.95,0.048395
-18,-2,8,479.04,0.047904
-18,2,8,479.65,0.047965
-14,-10,8,481.14,0.048114
-14,-6,8,480.76,0.048076
-14,-2,8,480.41,0.048041
-14,2,8,480.03,0.048003
-14,6,8,479.83,0.047983
-14,10,8,479.66,0.047966
-10,-14,8,481.72,0.048172
-10,-10,8,481.47,0.048147
-10,-6,8,481.14,0.048114
-10,-2,8,480.8,0.04808
-10,2,8,480.46,0.048046
-10,6,8,480.3,0.04803
-10,10,8,480.07,0.048007
-10,14,8,479.97,0.047997
-6,-14,8,482.1,0.04821
-6,-10,8,481.89,0.048189
-6,-6,8,481.57,0.048157
-6,-2,8,481.13,0.048113
-6,2,8,480.94,0.048094
-6,6,8,480.59,0.048059
-6,10,8,480.48,0.048048
-6,14,8,480.27,0.048027
-2,-18,8,482.58,0.048258
-2,-14,8,482.54,0.048254
-2,-10,8,482.34,0.048234
-2,-6,8,482.03,0.048203
-2,-2,8,481.66,0.048166
-2,2,8,481.38,0.048138
-2,6,8,481.13,0.048113
-2,10,8,480.87,0.048087
-2,14,8,480.68,0.048068
-2,18,8,480.48,0.048048
2,-18,8,483.43,0.048343
2,-14,8,483.37,0.048337
2,-10,8,483.2,0.04832
2,-6,8,482.76,0.048276
2,-2,8,482.39,0.048239
2,2,8,482.02,0.048202
2,6,8,481.66,0.048166
2,10,8,481.43,0.048143
2,14,8,481.17,0.048117
2,18,8,480.92,0.048092
6,-14,8,484.46,0.048446
6,-10,8,484.09,0.048409
6,-6,8,483.6,0.04836
6,-2,8,483.2,0.04832
6,2,8,482.71,0.048271
6,6,8,482.27,0.048227
6,10,8,481.9,0.04819
6,14,8,481.62,0.048162
10,-14,8,485.89,0.048589
10,-10,8,485.38,0.048538
10,-6,8,484.78,0.048478
10,-2,8,484.18,0.048418
10,2,8,483.62,0.048362
10,6,8,483.1,0.04831
10,10,8,482.57,0.048257
10,14,8,482.22,0.048222
14,-10,8,487.17,0.048717
14,-6,8,486.35,0.048635
14,-2,8,485.51,0.048551
14,2,8,484.76,0.048476
14,6,8,484.1,0.04841
14,10,8,483.55,0.048355
18,-2,8,487.1,0.04871
18,2,8,486.06,0.048606
-16,0,12,480.26,0.048026
-12,-8,12,481.48,0.048148
-12,-4,12,481.09,0.048109
-12,0,12,480.79,0.048079
-12,4,12,480.58,0.048058
-12,8,12,480.38,0.048038
-8,-12,12,482.02,0.048202
-8,-8,12,481.74,0.048174
-8,-4,12,481.45,0.048145
-8,0,12,481.14,0.048114
-8,4,12,481,0.0481
-8,8,12,480.78,0.048078
-8,12,12,480.52,0.048052
-4,-12,12,482.46,0.048246
-4,-8,12,482.25,0.048225
-4,-4,12,481.94,0.048194
-4,0,12,481.62,0.048162
-4,4,12,481.43,0.048143
-4,8,12,481.09,0.048109
-4,12,12,480.87,0.048087
0,-16,12,483.14,0.048314
0,-12,12,483,0.0483
0,-8,12,482.7,0.04827
0,-4,12,482.51,0.048251
0,0,12,482.22,0.048222
0,4,12,481.89,0.048189
0,8,12,481.52,0.048152
0,12,12,481.37,0.048137
0,16,12,481.08,0.048108
4,-12,12,483.89,0.048389
4,-8,12,483.54,0.048354
4,-4,12,483.29,0.048329
4,0,12,482.92,0.048292
4,4,12,482.46,0.048246
4,8,12,482.21,0.048221
4,12,12,481.96,0.048196
8,-12,12,485.19,0.048519
8,-8,12,484.69,0.048469
8,-4,12,484.21,0.048421
8,0,12,483.75,0.048375
8,4,12,483.33,0.048333
8,8,12,482.82,0.048282
8,12,12,482.51,0.048251
12,-8,12,485.89,0.048589
12,-4,12,485.32,0.048532
12,0,12,484.73,0.048473
12,4,12,484.16,0.048416
12,8,12,483.76,0.048376
16,0,12,485.99,0.048599
-12,0,16,481.21,0.048121
-8,-8,16,482,0.0482
-8,-4,16,481.73,0.048173
-8,0,16,481.53,0.048153
-8,4,16,481.24,0.048124
-8,8,16,481.05,0.048105
-4,-8,16,482.32,0.048232
-4,-4,16,482.17,0.048217
-4,0,16,481.97,0.048197
-4,4,16,481.66,0.048166
-4,8,16,481.31,0.048131
0,-12,16,483.04,0.048304
0,-8,16,482.84,0.048284
0,-4,16,482.64,0.048264
0,0,16,482.31,0.048231
0,4,16,482.09,0.048209
0,8,16,481.85,0.048185
0,12,16,481.67,0.048167
4,-8,16,483.57,0.048357
4,-4,16,483.33,0.048333
4,0,16,483.06,0.048306
4,4,16,482.74,0.048274
4,8,16,482.38,0.048238
8,-8,16,484.42,0.048442
8,-4,16,484.2,0.04842
8,0,16,483.79,0.048379
8,4,16,483.46,0.048346
8,8,16,483.05,0.048305
12,0,16,484.67,0.048467
0,0,20,482.62,0.048262
